Names,Labels
./Letter_E/e11.jpg,E
./Letter_E/e14.jpg,E
./Letter_E/e17.jpg,E
./Letter_E/e19.jpg,E
./Letter_E/e2.jpg,E
./Letter_E/e20.jpg,E
./Letter_E/e24.jpg,E
./Letter_E/e26.jpg,E
./Letter_E/e28.jpg,E
./Letter_E/e4.jpg,E
./Letter_E/e5.jpg,E
./Letter_E/e7.jpg,E
./Letter_E/e8.jpg,E
./Letter_E/e9.jpg,E
./Letter_E/IMG-20190419-WA0013.jpg,E
./Letter_E/IMG-20190419-WA0017.jpg,E
./Letter_E/IMG_20190419_163621.jpg,E
./Letter_E/IMG_20190419_163623.jpg,E
./Letter_E/IMG_20190419_163627.jpg,E
./Letter_H/h1.jpg,H
./Letter_H/h11.jpg,H
./Letter_H/h13.jpg,H
./Letter_H/h14.jpg,H
./Letter_H/h15.jpg,H
./Letter_H/h16.jpg,H
./Letter_H/h17.jpg,H
./Letter_H/h18.jpg,H
./Letter_H/h21.jpg,H
./Letter_H/h22.jpg,H
./Letter_H/h6.jpg,H
./Letter_H/IMG-20190419-WA0016.jpg,H
./Letter_H/IMG-20190419-WA0018.jpg,H
./Letter_H/IMG_20190419_163619.jpg,H
./Letter_H/IMG_20190419_163624.jpg,H
./Letter_H/IMG_20190419_163625.jpg,H
./Letter_H/IMG_20190419_163626.jpg,H
./Letter_L/IMG-20190419-WA0010 (1).jpg,L
./Letter_L/IMG-20190419-WA0010.jpg,L
./Letter_L/IMG_20190419_154846.jpg,L
./Letter_L/IMG_20190419_154848.jpg,L
./Letter_L/IMG_20190419_154849.jpg,L
./Letter_L/IMG_20190419_154850.jpg,L
./Letter_L/IMG_20190419_154851.jpg,L
./Letter_L/IMG_20190419_154852.jpg,L
./Letter_L/IMG_20190419_154853.jpg,L
./Letter_L/IMG_20190419_154854.jpg,L
./Letter_L/IMG_20190419_155137.jpg,L
./Letter_L/IMG_20190419_155157.jpg,L
./Letter_L/IMG_20190419_155217.jpg,L
./Letter_L/IMG_20190419_155327.jpg,L
./Letter_L/l4.jpg,L
./Letter_L/letterl.jpg,L
./Letter_O/IMG-20190419-WA0014.jpg,O
./Letter_O/IMG-20190419-WA0015.jpg,O
./Letter_O/IMG_20190419_161046 (1).jpg,O
./Letter_O/IMG_20190419_161046.jpg,O
./Letter_O/IMG_20190419_161219.jpg,O
./Letter_O/IMG_20190419_161229.jpg,O
./Letter_O/IMG_20190419_161234.jpg,O
./Letter_O/o12.JPG,O
./Letter_O/o16.jpg,O
./Letter_O/o18.jpg,O
./Letter_O/o19.jpg,O
./Letter_O/o7.jpg,O
./Letter_O/o9.jpg,O
